{"schemaVersion":"1.0","appDefinitionTemplate":{"id":"/providers/Microsoft.PowerApps/apps/","type":"Microsoft.PowerApps/apps","tags":{"primaryDeviceWidth":"640","primaryDeviceHeight":"1136","sienaVersion":"20200910T021644Z-3.20084.9.0","deviceCapabilities":"","supportsPortrait":"true","supportsLandscape":"false","primaryFormFactor":"Phone","publisherVersion":"3.20084.9","minimumRequiredApiVersion":"2.2.0","hasComponent":"false","hasUnlockedComponent":"false","isUnifiedRootApp":"false"},"properties":{"appVersion":"2020-09-10T02:16:44Z","lifeCycleId":"Published","createdByClientVersion":{"major":3,"minor":20084,"build":9,"revision":0,"majorRevision":0,"minorRevision":0},"minClientVersion":{"major":3,"minor":20084,"build":9,"revision":0,"majorRevision":0,"minorRevision":0},"backgroundColor":"rgba(0, 176, 240, 1)","backgroundImageUri":"/9806488710475756645/N090983ba-ce9c-4a39-89aa-1446bd95f57c-logoSmallFile","displayName":"card-games app","description":"","commitMessage":"","appUris":{"documentUri":{"value":"/9806488710475756645/N1ddaecfc-4e2d-4b71-8872-4a95603fdc59-document.msapp","readonlyValue":"/9806488710475756645/N1ddaecfc-4e2d-4b71-8872-4a95603fdc59-document.msapp"},"imageUris":[]},"createdTime":"0001-01-01T00:00:00Z","lastModifiedTime":"0001-01-01T00:00:00Z","sharedGroupsCount":0,"sharedUsersCount":0,"icons":{"smallIconUri":"/9806488710475756645/N190573eb-9864-4d22-ab36-8a55f4e09d89-small.png","mediumIconUri":"/9806488710475756645/N7c653022-4ee6-45bb-82ad-f8c86eaf1881-medium.png","largeIconUri":"/9806488710475756645/Nd17dd67a-4bb6-4ac4-91f0-f5f6164ab781-large.png","wideIconUri":"/9806488710475756645/Na7b6d946-1bf4-4996-9798-98fac82d0df0-wide.png"},"connectionReferences":{"1a33c4e2-d561-435b-81b0-7a8ad93e40cd":{"id":"5aabbc85-8a2e-48e0-a7ef-9a362041c805","displayName":"Excel","iconUri":"https://connectoricons-prod.azureedge.net/excel/icon_1.0.1352.2014.png","dataSources":["Table1"],"dependencies":["6c2fe5ee-2bdf-4aca-aa06-9025d5996e4d"],"dependents":[],"parameterHints":{"6c2fe5ee-2bdf-4aca-aa06-9025d5996e4d":{"value":"fileSource"}},"isOnPremiseConnection":false,"dataSets":{"b!odXHfN5OTEePAb0-9u7qNF9B6ZcdQftAnHbfpZ0gN3KbdFoXL-GzRpe52hQ70i_c.01HKKQLMK4CHUN6LBCDRGL3Z6HFZSMC5R2":{"dataSources":{"Table1":{"tableName":"Table1"}}}},"apiTier":"Standard","isCustomApiConnection":false},"6c2fe5ee-2bdf-4aca-aa06-9025d5996e4d":{"id":"0a268404-919b-40ce-ae33-03145bc46125","displayName":"OneDrive for Business","iconUri":"https://connectoricons-prod.azureedge.net/onedriveforbusiness/icon_1.0.1341.1987.png","dataSources":[],"dependencies":[],"dependents":["1a33c4e2-d561-435b-81b0-7a8ad93e40cd"],"parameterHints":{},"isOnPremiseConnection":false,"dataSets":{},"apiTier":"Standard","isCustomApiConnection":false}},"databaseReferences":{},"almMode":"Environment","performanceOptimizationEnabled":true,"canConsumeAppPass":true},"isAppComponentLibrary":false,"appType":"ClassicCanvasApp","appComponents":[]}}